constituency_code,constituency_name,does_not_apply,agriculture_energy_and_water,manufacturing,construction,distribution_hotels_and_restaurants,transport_and_communication,financial_real_estate_professional_and_administrative_activities,administration_education_and_health,other,constituency_total_population
E14001063,Aldershot,55260,940,3292,5263,11861,7264,10659,20298,2594,117431
E14001064,Aldridge-Brownhills,50431,850,4653,4862,8414,3524,5804,13284,1785,93607
E14001065,Altrincham and Sale West,53189,667,2458,3082,7719,4909,11834,14955,2111,100924
E14001066,Amber Valley,47482,911,6591,4900,8818,3409,4732,11706,1770,90319
E14001067,Arundel and South Downs,52642,1505,2725,4283,7819,3717,9896,11774,2815,97176
E14001068,Ashfield,51474,1059,6085,4614,10094,3379,4090,12653,1573,95021
E14001069,Ashford,54578,1228,3485,5350,10573,4717,8174,16688,2023,106816
E14001070,Ashton-under-Lyne,55332,652,4324,3977,9986,4115,6789,13229,1636,100040
E14001071,Aylesbury,53627,1099,3885,4996,10264,5986,9317,17763,2527,109464
E14001072,Banbury,49800,1307,6018,4005,10908,5074,8352,13552,2676,101692
E14001073,Barking,76027,478,1746,7689,11559,6706,10155,17395,2060,133815
E14001074,Barnsley North,56376,912,5231,5416,11099,3904,5217,14629,1716,104500
E14001075,Barnsley South,57998,887,5133,5837,11704,4022,4983,12726,1575,104865
E14001076,Barrow and Furness,52294,2648,7209,3814,8491,2242,4099,14954,1674,97425
E14001077,Basildon and Billericay,57650,789,3004,6254,9403,5172,10709,13242,1879,108102
E14001078,Basingstoke,51845,1198,4071,4766,12142,8456,10023,15174,2352,110027
E14001079,Bassetlaw,55639,1366,6050,4684,11660,3936,4998,13969,1901,104203
E14001080,Bath,56749,741,1682,2588,8784,4241,9086,15959,2581,102411
E14001081,Battersea,43023,600,1828,2742,9734,7983,23792,15236,3961,108899
E14001082,Beaconsfield,49519,828,3372,4293,7703,6874,10021,11541,2325,96476
E14001083,Beckenham and Penge,51688,422,1322,4024,7529,6321,15041,17246,3555,107148
E14001084,Bedford,57034,701,3730,4552,12441,5648,7784,16224,1851,109965
E14001085,Bermondsey and Old Southwark,46220,504,1367,2592,9240,7816,20719,15102,3599,107159
E14001086,Bethnal Green and Stepney,67787,304,1332,1689,12354,8079,16642,15183,3389,126759
E14001087,Beverley and Holderness,48777,2065,3713,4044,7290,2624,4832,14382,1777,89504
E14001088,Bexhill and Battle,52489,1032,1681,4222,6737,2289,6895,11833,1931,89109
E14001089,Bexleyheath and Crayford,51375,650,1788,5668,8371,5087,9779,13944,2003,98665
E14001090,Bicester and Woodstock,47352,1218,4169,4446,10626,5276,8480,16839,2754,101160
E14001091,Birkenhead,60358,731,3780,3412,8889,3127,6724,16520,1949,105490
E14001092,Birmingham Edgbaston,64076,453,2779,2425,7890,3682,7326,17941,1770,108342
E14001093,Birmingham Erdington,71849,602,5001,3917,11254,5292,6669,15306,1832,121722
E14001094,Birmingham Hall Green and Moseley,74171,504,2916,2314,9170,4669,7025,15039,1490,117298
E14001095,Birmingham Hodge Hill and Solihull North,78585,534,4666,3079,10039,5225,5923,13087,1158,122296
E14001096,Birmingham Ladywood,99325,513,3275,2189,12596,6446,9634,15907,1980,151865
E14001097,Birmingham Northfield,63012,596,3484,3658,8403,3342,6092,17406,1795,107788
E14001098,Birmingham Perry Barr,77861,407,3558,2551,10174,5273,6541,14128,1368,121861
E14001099,Birmingham Selly Oak,65309,520,2923,2936,7706,3264,6411,16808,2117,107994
E14001100,Birmingham Yardley,70857,544,3982,3058,9816,5002,6055,12920,1282,113516
E14001101,Bishop Auckland,52975,1935,4418,4296,7661,2468,4353,12482,1697,92285
E14001102,Blackburn,69394,425,5181,2454,10419,3564,5017,14852,1104,112410
E14001103,Blackley and Middleton South,66409,460,2561,3597,10032,4336,7109,14536,1704,110744
E14001104,Blackpool North and Fleetwood,55334,788,2931,3605,8350,2427,4512,15274,1786,95007
E14001105,Blackpool South,63567,568,3109,3520,12294,2750,4956,16284,2381,109429
E14001106,Blaydon and Consett,49478,935,4068,3844,8153,3347,5371,14578,1753,91527
E14001107,Blyth and Ashington,57858,1307,3869,4068,8243,3150,4983,16237,1819,101534
E14001108,Bognor Regis and Littlehampton,59696,1296,4055,4738,11040,3449,6758,13847,2180,107059
E14001109,Bolsover,52975,1199,5675,4694,11402,3914,4815,13730,1759,100163
E14001110,Bolton North East,66374,913,4029,4345,10848,4053,7011,14499,1846,113918
E14001111,Bolton South and Walkden,74209,894,3889,4082,12347,5248,7033,14238,1596,123536
E14001112,Bolton West,52370,982,3768,4230,9412,3637,7511,14464,1896,98270
E14001113,Bootle,56175,647,2652,3797,9467,3995,6476,16306,1867,101382
E14001114,Boston and Skegness,65733,3021,6566,3772,13350,2963,6058,12546,2180,116189
E14001115,Bournemouth East,55119,553,2848,4165,10767,4135,10448,16542,2361,106938
E14001116,Bournemouth West,57990,619,3116,4143,11482,4239,9375,13973,2284,107221
E14001117,Bracknell,47315,968,3141,4655,10773,8317,9349,14833,2428,101779
E14001118,Bradford East,75257,602,4056,2561,11441,4523,6379,12876,1294,118989
E14001119,Bradford South,63731,1064,4598,3656,10390,4059,6557,13706,1501,109262
E14001120,Bradford West,78996,501,3608,1914,10938,4560,6106,13560,1172,121355
E14001121,Braintree,52886,1262,3888,6747,10006,4739,8691,13787,2129,104135
E14001122,Brent East,73726,446,1859,6647,13551,7081,12208,15507,3486,134511
E14001123,Brent West,69180,465,4351,7601,15963,7626,11988,14108,2391,133673
E14001124,Brentford and Isleworth,65392,520,2255,5261,12573,11543,12339,15548,3296,128727
E14001125,Brentwood and Ongar,50339,803,2142,5849,6921,4557,13184,12037,2284,98116
E14001126,Bridgwater,52337,2352,4323,5894,11077,3580,5492,12461,1687,99203
E14001127,Bridlington and The Wolds,54236,2439,3481,3829,9020,2084,4178,11620,1713,92600
E14001128,Brigg and Immingham,49186,1840,5396,3868,8389,4081,4604,12041,1542,90947
E14001129,Brighton Kemptown and Peacehaven,51903,615,1329,3797,8591,4073,7507,14872,2691,95378
E14001130,Brighton Pavilion,50438,644,1754,3183,9568,5409,10661,17646,3719,103022
E14001131,Bristol Central,44758,740,1896,1803,7593,5648,11455,17237,2514,93644
E14001132,Bristol East,52926,931,2811,4710,10914,6380,10752,17936,2698,110058
E14001133,Bristol North East,49975,611,2768,4504,9731,4843,8000,16386,1934,98752
E14001134,Bristol North West,57492,795,2969,3158,9581,5464,9627,18074,2037,109197
E14001135,Bristol South,50089,1095,2929,5303,10333,5510,10548,15810,2479,104096
E14001136,Broadland and Fakenham,49815,1857,3206,4724,8592,2763,7519,12706,2142,93324
E14001137,Bromley and Biggin Hill,48983,391,1329,4665,6726,4966,13049,14703,2744,97556
E14001138,Bromsgrove,51896,1011,4143,4602,7904,3337,8577,15674,2038,99182
E14001139,Broxbourne,55601,842,2814,6621,11298,5361,10081,13267,2509,108394
E14001140,Broxtowe,50540,722,4008,3644,8737,4018,5701,15449,1727,94546
E14001141,Buckingham and Bletchley,54036,1081,3736,4062,10892,6348,9240,13878,2361,105634
E14001142,Burnley,63996,553,6472,3425,10968,3410,5271,13906,1554,109555
E14001143,Burton and Uttoxeter,58633,1315,7589,4488,12761,5622,6042,13900,2181,112531
E14001144,Bury North,57050,756,3845,3733,9735,3966,7075,15222,1776,103158
E14001145,Bury South,57924,534,2913,3644,10072,4079,9069,16450,2046,106731
E14001146,Bury St Edmunds and Stowmarket,51585,1603,4212,4533,9691,3840,7187,16545,2372,101568
E14001147,Calder Valley,51796,929,4425,4335,8782,3170,7983,15292,2335,99047
E14001148,Camborne and Redruth,54821,1439,2860,4919,10471,2531,5447,14487,2119,99094
E14001149,Cambridge,64083,512,3268,2058,8460,7632,12457,23022,2591,124083
E14001150,Cannock Chase,51642,1206,5300,6494,11310,4137,5355,13247,1828,100519
E14001151,Canterbury,62968,807,1975,3463,9184,3242,6619,16845,2168,107271
E14001152,Carlisle,53272,2046,5105,4230,11579,4398,5399,14688,1946,102663
E14001153,Carshalton and Wallington,53356,522,1533,5522,8698,5752,10089,17197,2345,105014
E14001154,Castle Point,49618,776,2556,6079,7677,3871,8491,10576,1907,91551
E14001155,Central Devon,48959,3159,2974,4388,8622,2906,6485,13395,2274,93162
E14001156,Central Suffolk and North Ipswich,49018,1762,2594,4534,8401,4863,7533,13410,2048,94163
E14001157,Chatham and Aylesford,55148,1287,3069,6714,10042,4772,8006,14768,2053,105859
E14001158,Cheadle,50565,485,2660,3077,7819,4422,9881,14614,1956,95479
E14001159,Chelmsford,52501,643,2617,4943,9344,5276,12510,17060,2314,107208
E14001160,Chelsea and Fulham,55648,694,1908,2346,9877,6967,23770,13797,4513,119520
E14001161,Cheltenham,49950,840,3528,3323,9524,4130,9422,17205,2273,100195
E14001162,Chesham and Amersham,52044,707,2663,3924,7432,5904,11307,12504,2576,99061
E14001163,Chester North and Neston,50365,792,3609,2623,9724,3480,7960,13569,2083,94205
E14001164,Chester South and Eddisbury,49789,2321,3816,3202,8135,3447,9021,12012,2091,93834
E14001165,Chesterfield,50448,839,3793,3873,9497,3786,4960,14361,1684,93241
E14001166,Chichester,56828,1183,3435,4081,9805,3177,7391,15642,2605,104147
E14001167,Chingford and Woodford Green,57441,469,1564,6033,8629,5740,12771,15707,2651,111005
E14001168,Chippenham,48045,1473,4185,3938,8665,4803,8258,16453,2124,97944
E14001169,Chipping Barnet,59041,433,1657,4675,8412,5760,13573,16344,3004,112899
E14001170,Chorley,51252,1093,4367,4640,9803,3816,7174,16680,2100,100925
E14001171,Christchurch,52022,625,2412,3731,7560,2846,6638,10451,1783,88068
E14001172,Cities of London and Westminster,58077,689,1636,1925,9340,6682,24402,12252,4976,119979
E14001173,City of Durham,61241,1044,2659,3164,7229,2473,4669,16425,1777,100681
E14001174,Clacton,62248,966,1823,4488,8141,2920,4703,11232,1669,98190
E14001175,Clapham and Brixton Hill,40402,456,1471,2717,9554,7959,21802,16525,4103,104989
E14001176,Colchester,58727,732,2363,4996,10581,4849,9421,20465,2191,114325
E14001177,Colne Valley,48160,863,4670,4150,8030,3024,6862,15242,2049,93050
E14001178,Congleton,47052,1294,4237,3420,7970,3917,7923,11928,2130,89871
E14001179,Corby and East Northamptonshire,58090,1242,8076,4931,14937,6081,7228,13929,2077,116591
E14001180,Coventry East,67112,948,5461,3174,11608,6561,6243,15729,1449,118285
E14001181,Coventry North West,57685,1273,5457,3530,10052,5370,6724,15376,1823,107290
E14001182,Coventry South,70384,995,4887,2599,10257,5976,7066,15819,1769,119752
E14001183,Cramlington and Killingworth,50893,1141,3582,3800,8451,4144,6524,16193,1829,96557
E14001184,Crawley,59592,1009,3239,4552,13158,10145,10416,14221,2161,118493
E14001185,Crewe and Nantwich,55883,1050,6302,3197,12408,6389,7688,14605,1982,109504
E14001186,Croydon East,57705,485,1468,5013,9061,5691,10357,17537,2534,109851
E14001187,Croydon South,50999,534,1379,4275,7331,5683,13273,15218,2347,101039
E14001188,Croydon West,63620,373,1470,4686,12210,6792,11588,19109,2654,122502
E14001189,Dagenham and Rainham,65543,645,1846,7557,9955,6089,9547,16087,1930,119199
E14001190,Darlington,53013,738,3829,3358,9886,4505,5762,14640,1618,97349
E14001191,Dartford,53825,906,2520,6455,10451,6310,10514,15666,2194,108841
E14001192,Daventry,52569,1653,5315,4954,10972,5625,8791,13059,2443,105381
E14001193,Derby North,55237,840,5599,3228,10094,4724,5596,16036,1881,103235
E14001194,Derby South,68909,851,6653,3199,11562,6232,5807,13838,1466,118517
E14001195,Derbyshire Dales,46981,2478,4284,3849,7997,3127,5898,12597,2120,89331
E14001196,Dewsbury and Batley,62032,599,6319,2830,9961,3995,5275,11580,1182,103773
E14001197,Didcot and Wantage,49895,1733,3900,4719,9275,6191,11673,16260,2572,106218
E14001198,Doncaster Central,61257,840,4705,4504,13787,6156,5593,13580,1718,112140
E14001199,Doncaster East and the Isle of Axholme,51507,1503,4013,4686,9437,3933,4750,12335,1513,93677
E14001200,Doncaster North,53881,1060,3573,5028,10764,4217,4645,12022,1522,96712
E14001201,Dorking and Horley,47504,1077,2098,4728,7138,4872,11072,12822,2504,93815
E14001202,Dover and Deal,58045,1014,2316,4363,8389,4614,6158,16112,2062,103073
E14001203,Droitwich and Evesham,52503,1991,5391,4367,10707,3738,7943,13166,2179,101985
E14001204,Dudley,57231,877,5352,4676,9082,3339,4976,13894,1550,100977
E14001205,Dulwich and West Norwood,49903,331,1171,2662,7964,6718,15910,18159,4281,107099
E14001206,Dunstable and Leighton Buzzard,52958,676,4378,6041,11897,6133,8628,14733,2536,107980
E14001207,Ealing Central and Acton,64751,588,2774,4374,12652,9686,16396,16610,4595,132426
E14001208,Ealing North,68369,485,2603,7261,12060,8240,10858,15163,2717,127756
E14001209,Ealing Southall,68523,344,2901,4507,12544,9089,10959,13391,2644,124902
E14001210,Earley and Woodley,53523,1238,2789,3837,8981,9560,9388,14377,2021,105714
E14001211,Easington,54885,1362,4887,3296,7481,2760,4420,12767,1318,93176
E14001212,East Grinstead and Uckfield,48066,1099,2485,4767,8014,4657,10299,13459,2762,95608
E14001213,East Ham,77653,220,1448,5819,14203,6546,9644,13585,1917,131035
E14001214,East Hampshire,46920,1275,2947,3918,7042,4399,8794,13204,2359,90858
E14001215,East Surrey,50916,861,1939,5363,7204,4673,11991,13720,2497,99164
E14001216,East Thanet,60977,759,2767,4447,9350,3326,5959,15059,2428,105072
E14001217,East Wiltshire,50050,1619,2835,3757,8118,3759,8225,20560,2248,101171
E14001218,East Worthing and Shoreham,52118,1077,2929,4986,8724,3983,8067,15325,2414,99623
E14001219,Eastbourne,57855,514,1926,4175,9955,2974,6018,16236,2033,101686
E14001220,Eastleigh,46064,769,2967,4657,8368,5177,8199,15415,1938,93554
E14001221,Edmonton and Winchmore Hill,73587,433,1691,5242,11740,5307,10386,15976,2447,126809
E14001222,Ellesmere Port and Bromborough,50239,1095,5068,3435,9996,3216,6733,13439,1924,95145
E14001223,Eltham and Chislehurst,58387,511,1387,5170,8163,5318,13486,15025,2974,110421
E14001224,Ely and East Cambridgeshire,51388,1992,4627,5006,8457,5755,9608,15862,2774,105469
E14001225,Enfield North,73288,480,1903,4938,11777,5542,9585,17097,2768,127378
E14001226,Epping Forest,52465,671,1940,6098,8260,4728,13117,12732,2602,102613
E14001227,Epsom and Ewell,54934,722,1826,4563,8034,5722,12798,16431,2831,107861
E14001228,Erewash,48489,855,5912,4487,10480,4619,5597,12955,1779,95173
E14001229,Erith and Thamesmead,73512,480,2006,6094,12380,6582,11266,19850,2799,134969
E14001230,Esher and Walton,52399,776,2173,3428,7246,6482,14140,13113,3172,102929
E14001231,Exeter,56526,978,1825,3277,9451,3554,6592,17438,2057,101698
E14001232,Exmouth and Exeter East,52400,1712,2065,4280,9469,3492,7389,16920,2203,99930
E14001233,Fareham and Waterlooville,51250,1079,3747,5216,8404,4223,7148,15715,2027,98809
E14001234,Farnham and Bordon,51452,870,2706,4223,7744,5443,11295,13787,2676,100196
E14001235,Faversham and Mid Kent,52134,1599,2768,5921,8961,4042,7951,13674,2023,99073
E14001236,Feltham and Heston,71755,519,2297,5341,14941,12312,10233,13599,2156,133153
E14001237,Filton and Bradley Stoke,51525,812,3993,4478,10289,6408,10218,17638,1980,107341
E14001238,Finchley and Golders Green,65987,371,1641,4249,10436,6233,16482,16726,4003,126128
E14001239,Folkestone and Hythe,52337,1287,1604,4305,7960,3410,6413,12672,1845,91833
E14001240,Forest of Dean,49445,1849,4297,4635,7783,3044,6121,12479,1907,91560
E14001241,Frome and East Somerset,46938,1860,3912,4687,8765,3368,6990,13120,2506,92146
E14001242,Fylde,53751,995,3772,3200,8102,2562,6345,15529,2020,96276
E14001243,Gainsborough,53017,2751,3947,4022,7833,2782,4792,14269,1741,95154
E14001244,Gateshead Central and Whickham,53878,758,3431,3080,9007,3948,6771,15321,1787,97981
E14001245,Gedling,52439,988,3342,4895,9653,3996,6562,17126,2077,101078
E14001246,Gillingham and Rainham,54384,1010,2893,5786,9543,4515,7637,14751,1794,102313
E14001247,Glastonbury and Somerton,49330,2015,3878,4111,9204,2683,5654,12844,2244,91963
E14001248,Gloucester,58900,1310,5314,5117,12471,4877,8214,18218,1991,116412
E14001249,Godalming and Ash,49453,883,2081,3964,7143,5021,11410,13721,2804,96480
E14001250,Goole and Pocklington,53173,2645,5583,4385,10075,4184,6561,14761,2037,103404
E14001251,Gorton and Denton,67817,550,2822,3176,10849,4978,7640,13977,1880,113689
E14001252,Gosport,51506,705,3198,4305,8294,3621,5588,17249,1801,96267
E14001253,Grantham and Bourne,52313,1843,4784,4249,9987,3581,6386,13684,2029,98856
E14001254,Gravesham,57139,960,2878,6803,10097,5193,8466,13405,1959,106900
E14001255,Great Grimsby and Cleethorpes,61484,1067,6783,3628,11376,4145,4910,12392,1646,107431
E14001256,Great Yarmouth,58609,1955,3679,3587,10305,2451,4816,12433,1913,99748
E14001257,Greenwich and Woolwich,53983,519,1410,3606,9933,7943,19024,17246,3791,117455
E14001258,Guildford,53409,693,2187,3508,7971,5503,10738,14956,2771,101736
E14001259,Hackney North and Stoke Newington,59364,342,1706,2357,8976,6838,14679,17367,4639,116268
E14001260,Hackney South and Shoreditch,51496,342,1844,2227,9879,8186,18415,15084,5083,112556
E14001261,Halesowen,52115,588,4625,4153,8713,3518,5739,13538,1748,94737
E14001262,Halifax,61454,771,4714,4017,9374,3503,8015,13976,1760,107584
E14001263,Hamble Valley,49956,956,3830,5047,8972,5658,9371,16130,2451,102371
E14001264,Hammersmith and Chiswick,54658,584,2177,2647,10637,8743,17322,14883,4578,116229
E14001265,Hampstead and Highgate,55106,442,1587,2155,8268,8029,21085,15381,4828,116881
E14001266,"Harborough, Oadby and Wigston",54142,930,4145,3731,9764,3480,7591,15657,1965,101405
E14001267,Harlow,56167,913,4103,6551,11898,5489,8449,15306,2244,111120
E14001268,Harpenden and Berkhamsted,49621,736,2229,3341,6916,5297,12153,12170,2674,95137
E14001269,Harrogate and Knaresborough,51393,978,3072,3581,10643,3689,9993,15371,2462,101182
E14001270,Harrow East,61530,387,1988,9450,11189,5982,12247,13460,2075,118308
E14001271,Harrow West,62843,429,2203,6571,11281,7810,12282,15712,2256,121387
E14001272,Hartlepool,54589,1607,3873,3809,7579,2289,4503,12749,1340,92338
E14001273,Harwich and North Essex,54156,1106,2534,4891,8183,3937,7465,13771,2061,98104
E14001274,Hastings and Rye,58335,762,2427,5028,9493,3163,6892,16048,2669,104817
E14001275,Havant,52306,1148,3511,5274,8628,3417,5766,13113,1842,95005
E14001276,Hayes and Harlington,69786,445,2790,5556,13562,10553,8792,13248,1672,126404
E14001277,Hazel Grove,50545,732,3371,3886,8015,3823,8104,13959,2015,94450
E14001278,Hemel Hempstead,51627,663,2815,5848,11090,6388,8849,13550,2466,103296
E14001279,Hendon,68041,398,1894,6879,12348,6526,14680,16871,3231,130868
E14001280,Henley and Thame,48284,1361,3160,3939,7344,5084,9944,13558,2565,95239
E14001281,Hereford and South Herefordshire,49936,2329,5491,4312,10067,2606,5864,13866,2011,96482
E14001282,Herne Bay and Sandwich,56157,1053,2277,4818,8445,3079,6055,14972,2150,99006
E14001283,Hertford and Stortford,51016,669,3907,5011,9521,6117,12514,14478,2466,105699
E14001284,Hertsmere,54398,639,1909,5191,8962,5391,12441,14284,2693,105908
E14001285,Hexham,50307,2555,2720,3244,7414,3036,6904,13777,2115,92072
E14001286,Heywood and Middleton North,56524,607,3632,4106,10125,4042,5843,13621,1669,100169
E14001287,High Peak,46319,1422,4838,3963,8327,3503,6762,13733,2066,90933
E14001288,Hinckley and Bosworth,49748,2144,5413,4674,10557,4655,6481,12767,2106,98545
E14001289,Hitchin,47267,885,3915,4702,8729,4895,10003,15745,2574,98715
E14001290,Holborn and St Pancras,58014,301,1081,1671,7904,6353,13284,13447,3965,106020
E14001291,Honiton and Sidmouth,51882,2274,2418,3839,8976,2668,6043,11524,2044,91668
E14001292,Hornchurch and Upminster,56979,620,1953,6632,7671,5018,12199,14354,2085,107511
E14001293,Hornsey and Friern Barnet,47360,347,1519,2970,8196,7020,14596,16013,5081,103102
E14001294,Horsham,51015,1237,3301,4379,8948,6478,11471,14277,2776,103882
E14001295,Houghton and Sunderland South,56980,1560,4565,3963,8309,3332,5774,14282,1676,100441
E14001296,Hove and Portslade,47946,686,1907,3501,9452,5667,11678,17141,3559,101537
E14001297,Huddersfield,66667,582,4925,3183,10731,3604,6253,14445,1653,112043
E14001298,Huntingdon,53433,1567,5640,4442,9665,5136,8825,16944,2356,108008
E14001299,Hyndburn,53137,629,5326,3564,9195,3168,4463,13038,1505,94025
E14001300,Ilford North,64189,276,1622,6463,10500,6896,12350,15236,1949,119481
E14001301,Ilford South,75850,277,1567,6102,11790,7613,10543,15266,1661,130669
E14001302,Ipswich,59516,1272,3230,4630,11659,6903,8897,16524,2189,114820
E14001303,Isle of Wight East,42039,585,1858,2613,6854,1644,3519,8975,1539,69626
E14001304,Isle of Wight West,40510,834,2446,2784,6522,1863,3802,10407,1666,70834
E14001305,Islington North,50477,400,1474,2247,8665,8469,16688,16498,4911,109829
E14001306,Islington South and Finsbury,54967,421,1609,2338,8518,8770,20820,14221,4292,115956
E14001307,Jarrow and Gateshead East,53214,996,4004,3659,7736,3509,5150,14143,1434,93845
E14001308,Keighley and Ilkley,55720,692,4372,3704,8919,3400,6915,13849,1806,99377
E14001309,Kenilworth and Southam,48433,1910,4749,3357,7401,3802,8335,13382,2299,93668
E14001310,Kensington and Bayswater,66655,597,2068,2134,10737,7618,24906,12769,5381,132865
E14001311,Kettering,55733,918,5991,5387,12641,5151,7167,15528,2079,110595
E14001312,Kingston and Surbiton,56350,647,1901,4233,10514,7128,13541,17422,3381,115117
E14001313,Kingston upon Hull East,58873,1005,6372,4640,10353,3255,4572,12561,1627,103258
E14001314,Kingston upon Hull North and Cottingham,64393,1001,7762,4219,11648,3442,5502,15572,1961,115500
E14001315,Kingston upon Hull West and Haltemprice,55869,1054,6488,4642,10978,3425,5625,15099,1783,104963
E14001316,Kingswinford and South Staffordshire,47689,949,4102,4538,7501,2635,6094,13374,1653,88535
E14001317,Knowsley,52098,706,3271,3933,8713,3918,5504,13766,1690,93599
E14001318,Lancaster and Wyre,55039,1936,2472,3331,8100,2630,4920,16511,1894,96833
E14001319,Leeds Central and Headingley,63317,526,1617,1694,10462,3667,7872,14606,2601,106362
E14001320,Leeds East,64068,1044,3124,4376,9769,4677,8041,15611,1869,112579
E14001321,Leeds North East,50257,550,1870,2262,7730,4169,9297,17887,2158,96180
E14001322,Leeds North West,47866,678,2655,3387,7296,3747,9355,15605,2130,92719
E14001323,Leeds South,68701,853,4069,3968,12574,6234,10115,15749,2127,124390
E14001324,Leeds South West and Morley,47211,986,3949,4829,9733,4479,8579,13945,2010,95721
E14001325,Leeds West and Pudsey,51964,843,3844,3926,9771,4522,8731,14989,2141,100731
E14001326,Leicester East,71569,820,10940,2386,13331,4942,6468,13066,1133,124655
E14001327,Leicester South,72153,721,5504,1937,11098,4641,5960,15289,1496,118799
E14001328,Leicester West,69915,905,6251,3687,14143,5598,6281,16546,1788,125114
E14001329,Leigh and Atherton,57198,1085,4128,5875,11105,4274,7309,15162,2041,108177
E14001330,Lewes,53449,937,2004,4016,7355,3299,7157,14372,2505,95094
E14001331,Lewisham East,60354,348,1219,4352,10176,6135,12317,18517,3773,117191
E14001332,Lewisham North,53437,392,1468,3055,10459,7708,16477,18849,5281,117126
E14001333,Lewisham West and East Dulwich,45368,350,1249,2650,7319,6472,14202,17098,4888,99596
E14001334,Leyton and Wanstead,56873,374,1593,6241,10801,6622,14281,16950,3510,117245
E14001335,Lichfield,50473,1262,4316,4753,9421,3803,7017,13069,2084,96198
E14001336,Lincoln,63709,1660,4803,4391,12764,3822,5753,18361,2108,117371
E14001337,Liverpool Garston,52438,470,2986,2806,7934,3631,6601,15329,1909,94104
E14001338,Liverpool Riverside,71820,423,2176,2166,11935,4165,7139,15592,2322,117738
E14001339,Liverpool Walton,58052,623,2707,3692,9346,4034,5721,15881,1797,101853
E14001340,Liverpool Wavertree,58790,401,1918,2229,9168,3643,6876,17447,2271,102743
E14001341,Liverpool West Derby,54188,540,2418,3746,8866,3811,6047,15937,1742,97295
E14001342,Loughborough,57203,861,4362,3509,9439,3667,5667,13999,2017,100724
E14001343,Louth and Horncastle,57857,2759,3169,3466,8515,2134,4356,12399,1954,96609
E14001344,Lowestoft,55433,1848,3944,3803,9163,2379,4656,11619,1705,94550
E14001345,Luton North,65578,429,3574,4816,10664,6788,7187,15237,1484,115757
E14001346,Luton South and South Bedfordshire,68275,631,4258,5568,13033,8169,8282,13433,1851,123500
E14001347,Macclesfield,49157,987,4663,3258,8486,3986,9880,13047,2104,95568
E14001348,Maidenhead,51457,1019,3890,3851,8664,9253,11172,12133,2766,104205
E14001349,Maidstone and Malling,54195,1163,2910,5968,10611,5171,9797,16690,2275,108780
E14001350,Makerfield,54905,1134,4482,5720,9820,4092,5766,15303,1936,103158
E14001351,Maldon,52785,1209,3396,6368,8762,3749,9626,11904,2175,99974
E14001352,Manchester Central,64610,539,2853,2925,13556,6563,12579,16239,2553,122417
E14001353,Manchester Rusholme,69771,267,1298,1344,10308,4554,7153,13866,2103,110664
E14001354,Manchester Withington,44438,418,1730,1846,7830,4949,9860,17537,2422,91030
E14001355,Mansfield,56554,964,5468,5008,12466,3739,4724,14645,1761,105329
E14001356,Melksham and Devizes,48831,1497,4249,3874,7841,3423,7205,14146,2126,93192
E14001357,Melton and Syston,47917,1645,5560,4585,9482,3272,6501,13321,2075,94358
E14001358,Meriden and Solihull East,55852,1083,4272,3653,7803,4349,8021,12719,1678,99430
E14001359,Mid Bedfordshire,48720,906,3455,5886,9395,5153,9129,14629,2349,99622
E14001360,Mid Buckinghamshire,48802,1228,3438,4241,7619,5283,10083,14648,2455,97797
E14001361,Mid Cheshire,47629,1225,4718,3426,10545,4343,8536,11796,1914,94132
E14001362,Mid Derbyshire,46124,1011,5206,3864,7289,3667,5614,13509,1711,87995
E14001363,Mid Dorset and North Poole,51106,1151,3638,4533,8235,3048,7487,13699,2253,95150
E14001364,Mid Leicestershire,51472,1236,4819,5138,10211,3936,6908,15872,2048,101640
E14001365,Mid Norfolk,51954,2479,4236,4457,8546,2758,6449,13264,2042,96185
E14001366,Mid Sussex,49248,862,2316,3864,7784,5267,11379,15108,2570,98398
E14001367,Middlesbrough and Thornaby East,69216,870,3080,3326,9974,3719,5134,14598,1424,111341
E14001368,Middlesbrough South and East Cleveland,53913,1677,3110,3693,7282,2618,4555,13988,1573,92409
E14001369,Milton Keynes Central,61310,589,4421,3711,15678,9969,11750,16042,2345,125815
E14001370,Milton Keynes North,50671,702,3493,3463,10965,6709,9075,12443,2081,99602
E14001371,Mitcham and Morden,61114,450,1626,6667,12676,6964,12766,18217,3282,123762
E14001372,Morecambe and Lunesdale,54568,2785,2545,4088,9356,2992,5381,14608,1980,98303
E14001373,New Forest East,48400,1325,3006,4343,7973,3699,7007,12786,2240,90779
E14001374,New Forest West,48683,859,2234,3772,7421,2654,6712,10718,1953,85006
E14001375,Newark,56035,2101,4516,4602,10696,4202,6599,14097,2213,105061
E14001376,Newbury,47243,1290,3468,3999,9369,7877,9191,12836,2384,97657
E14001377,Newcastle upon Tyne Central and West,80721,561,2707,3457,11985,4947,7536,16743,2085,130742
E14001378,Newcastle upon Tyne East and Wallsend,63987,947,2988,3394,10929,4656,7442,18343,2218,114904
E14001379,Newcastle upon Tyne North,58083,698,2503,2613,8263,4120,8360,20169,1920,106729
E14001380,Newcastle-under-Lyme,50613,780,3766,3659,9590,3335,4945,14044,2167,92899
E14001381,Newton Abbot,50776,1304,2494,4491,9692,2811,5847,13976,1963,93354
E14001382,Newton Aycliffe and Spennymoor,52597,1146,5493,3654,7959,3121,4599,14417,1533,94519
E14001383,Normanton and Hemsworth,55640,1182,4400,4634,12654,3984,5599,13202,1702,102997
E14001384,North Bedfordshire,50909,1472,4311,5552,9928,4973,8866,15569,2636,104216
E14001385,North Cornwall,55185,3066,3393,4983,11367,2356,5630,11085,2092,99157
E14001386,North Cotswolds,47291,1871,3415,3926,8438,3568,9025,12427,2361,92322
E14001387,North Devon,53448,2659,4162,4433,10978,2130,5400,13421,1977,98608
E14001388,North Dorset,50038,1909,3696,4472,8033,2728,6775,13336,2168,93155
E14001389,North Durham,53185,1184,4342,3752,8284,3200,4810,14390,1822,94969
E14001390,North East Cambridgeshire,55357,2101,6458,5137,9723,3988,6240,11718,1743,102465
E14001391,North East Derbyshire,50225,1021,3983,4577,8866,3247,5437,13390,1693,92439
E14001392,North East Hampshire,49808,1064,2931,4188,8132,7546,10834,14156,2297,100956
E14001393,North East Hertfordshire,51812,1026,4584,5074,9228,4569,10240,13730,2526,102789
E14001394,North East Somerset and Hanham,48386,1297,2822,5388,8167,3853,8766,14813,2053,95545
E14001395,North Herefordshire,48587,3564,4121,4227,7930,2253,6067,11936,1867,90552
E14001396,North Norfolk,52421,1706,2176,3533,8397,1932,5288,9672,1843,86968
E14001397,North Northumberland,52648,2495,2615,3525,8600,2324,5087,12553,2017,91864
E14001398,North Shropshire,53530,2773,5133,4488,9725,3305,5714,14440,1835,100943
E14001399,North Somerset,49404,1143,2806,3991,7761,4117,9540,13378,2081,94221
E14001400,North Warwickshire and Bedworth,48939,1176,5252,4214,9867,5294,5516,11666,1742,93666
E14001401,North West Cambridgeshire,57062,1438,5101,4631,12193,6192,9381,16029,2194,114221
E14001402,North West Essex,52550,1141,3323,5644,8281,5084,11908,14244,2350,104525
E14001403,North West Hampshire,51532,1372,4702,4560,10685,6221,10420,16431,2293,108216
E14001404,North West Leicestershire,50162,1516,5910,5321,10307,5030,6529,12615,1961,99351
E14001405,North West Norfolk,57165,1890,5356,4840,10567,2498,5965,12937,1883,103101
E14001406,Northampton North,64370,705,5284,6392,15520,8025,9211,16468,2293,128268
E14001407,Northampton South,54221,791,4230,5683,12810,6800,9022,14722,2108,110387
E14001408,Norwich North,51381,810,3297,4639,10346,3787,8315,14301,2255,99131
E14001409,Norwich South,58299,675,2370,2980,9911,3662,8324,16617,2389,105227
E14001410,Nottingham East,71289,790,3440,2617,12400,5402,7026,16659,2291,121914
E14001411,Nottingham North and Kimberley,62271,941,3655,3987,11098,4288,5372,15530,1606,108748
E14001412,Nottingham South,69689,596,2803,2613,9323,3901,5118,13830,1491,109364
E14001413,Nuneaton,51880,1056,5362,3614,10734,5895,5548,13763,1633,99485
E14001414,Old Bexley and Sidcup,51836,629,1658,6038,7604,5059,11800,14192,2275,101091
E14001415,Oldham East and Saddleworth,64128,663,3812,4029,10045,4053,6039,14067,1774,108610
E14001416,"Oldham West, Chadderton and Royton",68454,494,3592,3317,11311,4184,5936,13398,1337,112023
E14001417,Orpington,52728,559,1264,4451,6814,4956,11919,13417,2119,98227
E14001418,Ossett and Denby Dale,49555,957,4061,4591,8829,3351,6851,13315,1710,93220
E14001419,Oxford East,60104,517,3575,2629,9233,5166,8515,25426,2294,117459
E14001420,Oxford West and Abingdon,59041,662,2537,2738,6054,4892,8621,19573,2145,106263
E14001421,Peckham,51767,392,1223,2475,9620,6557,15188,16984,3897,108103
E14001422,Pendle and Clitheroe,60791,947,7464,3969,10755,3236,6065,13674,1895,108796
E14001423,Penistone and Stocksbridge,47259,921,3986,4525,7496,3082,5422,14567,1761,89019
E14001424,Penrith and Solway,50787,4609,3828,4768,10712,2790,5322,12494,1930,97240
E14001425,Peterborough,71772,1016,6013,3820,15099,7010,8539,14527,1872,129668
E14001426,Plymouth Moor View,55786,678,4003,4558,8637,3156,4695,17540,1558,100611
E14001427,Plymouth Sutton and Devonport,57970,644,3726,4081,10717,3812,6003,18279,2156,107388
E14001428,"Pontefract, Castleford and Knottingley",53538,1435,5476,4247,11525,4128,6110,12758,1690,100907
E14001429,Poole,51210,747,3869,4280,8892,3625,7860,14527,2188,97198
E14001430,Poplar and Limehouse,65712,508,1459,2367,12846,10660,26376,15367,3315,138610
E14001431,Portsmouth North,50665,1011,3623,6028,9240,4073,5986,17597,1908,100131
E14001432,Portsmouth South,59550,742,3031,3502,10900,4564,6358,17050,2173,107870
E14001433,Preston,64489,805,4713,3532,11614,4070,6641,18004,1617,115485
E14001434,Putney,49098,631,1704,2976,9657,7880,19513,15837,4025,111321
E14001435,Queen's Park and Maida Vale,64915,404,1704,2895,11774,7713,15581,14728,4253,123967
E14001436,Rawmarsh and Conisbrough,52134,927,4512,5119,9118,3719,4719,12602,1411,94261
E14001437,Rayleigh and Wickford,50052,696,2960,5891,7699,4112,10992,12013,2090,96505
E14001438,Reading Central,55107,1720,2733,3383,11716,10948,11769,16747,2212,116335
E14001439,Reading West and Mid Berkshire,47751,1471,2472,4281,8345,6681,8635,13661,1946,95243
E14001440,Redcar,55252,1450,2973,3685,7639,2676,4853,13249,1510,93287
E14001441,Redditch,50416,1019,7679,4333,10443,4041,6845,12352,1678,98806
E14001442,Reigate,55156,892,2106,4804,7634,5669,13394,16421,2489,108565
E14001443,Ribble Valley,50103,1786,4822,4404,8642,3109,6661,17616,1951,99094
E14001444,Richmond and Northallerton,48469,3050,2691,3781,8613,2544,5581,16229,2089,93047
E14001445,Richmond Park,56301,716,1964,2426,7015,7631,17008,14584,3834,111479
E14001446,Rochdale,61625,502,3768,3182,10291,4065,5347,12796,1331,102907
E14001447,Rochester and Strood,53002,1377,2792,6467,9397,4977,7991,14942,2097,103042
E14001448,Romford,55783,544,1907,7032,8381,5339,11342,15631,2305,108264
E14001449,Romsey and Southampton North,53277,1209,2715,3929,7773,4358,8422,14914,2016,98613
E14001450,Rossendale and Darwen,53012,904,5519,4563,9404,3560,6134,16412,1898,101406
E14001451,Rother Valley,49958,1002,4410,4806,8211,3646,5026,13119,1546,91724
E14001452,Rotherham,61964,763,5047,4562,10450,4527,5295,14035,1573,108216
E14001453,Rugby,53989,1370,5549,4029,13022,7719,7060,14706,1963,109407
E14001454,"Ruislip, Northwood and Pinner",52019,527,1818,3974,7241,6327,11803,14036,2129,99874
E14001455,Runcorn and Helsby,50761,1152,4512,3064,8554,4634,7068,11816,1572,93133
E14001456,Runnymede and Weybridge,54149,948,2701,4172,8660,7330,11547,13541,3060,106108
E14001457,Rushcliffe,52094,1100,3359,3440,8038,4132,8588,17319,2173,100243
E14001458,Rutland and Stamford,49682,1754,3806,3824,8503,3070,7148,14372,2079,94238
E14001459,Salford,61540,599,2752,3782,13978,6342,12207,16712,2687,120599
E14001460,Salisbury,47397,1164,2660,3518,8129,3297,7896,16169,2282,92512
E14001461,Scarborough and Whitby,54927,1623,4242,3699,11101,2084,4446,12946,2116,97184
E14001462,Scunthorpe,58455,1290,9408,3501,10671,3638,4227,12737,1524,105451
E14001463,Sefton Central,50252,641,2179,3384,6882,3109,6806,15567,1968,90788
E14001464,Selby,50484,2204,4827,4828,10057,4345,7939,14210,1988,100882
E14001465,Sevenoaks,52858,845,1851,5053,7460,4181,12675,12287,2263,99473
E14001466,Sheffield Brightside and Hillsborough,66196,464,3703,3290,9689,4434,5244,15506,1517,110043
E14001467,Sheffield Central,51511,324,1730,1355,8176,3581,5920,15488,1861,89946
E14001468,Sheffield Hallam,50899,571,2234,2644,5643,3003,6844,19264,1868,92970
E14001469,Sheffield Heeley,59158,517,3187,3786,9567,4022,6320,17061,2055,105673
E14001470,Sheffield South East,58009,665,4047,4926,10159,4386,5987,14197,1702,104078
E14001471,Sherwood Forest,54654,1471,4412,5236,10335,3778,5698,15482,1879,102945
E14001472,Shipley,51570,757,3806,3371,8174,3467,8295,15976,2006,97422
E14001473,Shrewsbury,52271,1771,3305,4198,9763,3227,6379,17142,2057,100113
E14001474,Sittingbourne and Sheppey,62006,1283,4514,6521,10669,4843,7067,14349,1762,113014
E14001475,Skipton and Ripon,50595,2757,3588,4593,9798,2925,7905,13263,2152,97576
E14001476,Sleaford and North Hykeham,50010,2366,3583,4123,8357,3138,5021,17893,1854,96345
E14001477,Slough,73918,956,3981,4784,12803,12811,10505,15839,1947,137544
E14001478,Smethwick,68451,553,4523,3569,10262,4889,6274,14677,1697,114895
E14001479,Solihull West and Shirley,48408,936,3838,3822,7239,4266,8750,13464,1640,92363
E14001480,South Basildon and East Thurrock,53162,967,2868,6319,9733,5719,8332,12583,1781,101464
E14001481,South Cambridgeshire,53030,949,4038,3483,6738,5174,10511,18812,2175,104910
E14001482,South Cotswolds,48165,2002,3611,4027,8759,4296,9423,11844,2401,94528
E14001483,South Derbyshire,47529,1268,6625,4301,9339,4685,5947,13046,1909,94649
E14001484,South Devon,51985,1662,2094,4002,8970,2357,5786,11725,2109,90690
E14001485,South Dorset,55055,1331,2884,3960,9767,2414,5268,15740,2032,98451
E14001486,South East Cornwall,50897,1811,2926,4474,8834,2531,4978,12614,1888,90953
E14001487,South Holland and The Deepings,57380,2918,7204,4769,12625,4645,6593,11644,1703,109481
E14001488,South Leicestershire,49950,1791,4690,5557,10921,4094,7331,14846,2332,101512
E14001489,South Norfolk,47455,1552,3027,3863,7454,2784,8343,16119,1951,92548
E14001490,South Northamptonshire,48549,1552,4869,4883,10081,4973,9408,14064,3184,101563
E14001491,South Ribble,49305,1223,4055,4198,8405,3368,6386,15957,1814,94711
E14001492,South Shields,52081,1035,3313,2898,7018,3142,4495,13342,1449,88773
E14001493,South Shropshire,51749,3630,4182,4461,8376,2655,6200,11636,2055,94944
E14001494,South Suffolk,49384,1407,3279,4831,8387,3242,7802,12012,1997,92341
E14001495,South West Devon,51242,1269,3484,4376,7985,3164,5768,17706,1986,96980
E14001496,South West Hertfordshire,49460,638,2345,5224,8160,5682,10723,14257,2570,99059
E14001497,South West Norfolk,55873,2594,6049,4703,10003,3328,5904,12962,2134,103550
E14001498,South West Wiltshire,49387,1275,4895,3998,10431,3575,6732,14508,2137,96938
E14001499,Southampton Itchen,56445,844,3769,5409,11561,5716,8208,15889,2222,110063
E14001500,Southampton Test,57372,809,3329,4228,11126,5725,7681,18386,1876,110532
E14001501,Southend East and Rochford,53883,666,2511,4113,8439,3748,9424,13316,2144,98244
E14001502,Southend West and Leigh,54239,546,2537,4727,8314,4237,11235,14719,2275,102829
E14001503,Southgate and Wood Green,65853,402,1695,6569,12685,6603,13799,16991,3875,128472
E14001504,Southport,53496,1289,2858,3514,9555,3008,6117,15558,1981,97376
E14001505,Spelthorne,51417,1008,2487,4589,8878,10307,8849,12905,2516,102956
E14001506,Spen Valley,50808,793,5377,4233,9013,3524,6700,12984,1700,95132
E14001507,St Albans,49292,525,2394,3622,8592,6103,12585,13850,2559,99522
E14001508,St Austell and Newquay,54237,1915,2906,5135,12050,2691,5565,13206,2046,99751
E14001509,St Helens North,55159,1038,3712,4348,9746,4149,5953,14337,1725,100167
E14001510,St Helens South and Whiston,51832,921,3677,3751,8967,3737,5602,14731,1625,94843
E14001511,St Ives,49818,1828,1868,3988,10058,2294,5062,11418,2175,88509
E14001512,St Neots and Mid Cambridgeshire,51371,1064,4854,4388,8815,6073,9694,17136,2307,105702
E14001513,Stafford,48940,1846,3426,3666,9273,4382,5646,15539,1829,94547
E14001514,Staffordshire Moorlands,45205,1814,4615,4029,7644,2838,5334,11604,2145,85228
E14001515,Stalybridge and Hyde,52109,943,4344,4236,9169,3727,6982,13915,1929,97354
E14001516,Stevenage,49325,759,3759,5267,10352,4991,7797,15493,2228,99971
E14001517,Stockport,53859,639,3188,3837,9796,5163,9612,16558,2192,104844
E14001518,Stockton North,57534,1190,3465,3538,9026,3352,5426,14064,1529,99124
E14001519,Stockton West,48129,1491,3299,3664,7551,3352,6309,15872,1675,91342
E14001520,Stoke-on-Trent Central,63236,752,4603,3784,12880,5430,4980,14375,2901,112941
E14001521,Stoke-on-Trent North,56116,769,4850,4148,10647,4225,5019,12353,2190,100317
E14001522,Stoke-on-Trent South,52694,973,4235,3762,9249,3969,4753,12774,2082,94491
E14001523,"Stone, Great Wyrley and Penkridge",49463,1444,4143,4756,8346,3309,5785,13708,1883,92837
E14001524,Stourbridge,50945,747,4706,4061,8696,3125,5740,13301,1568,92889
E14001525,Stratford and Bow,61914,447,1588,4642,13192,8328,16950,16940,3714,127715
E14001526,Stratford-on-Avon,49200,1722,4176,3675,9431,3706,9370,11140,2663,95083
E14001527,Streatham and Croydon North,55468,351,1417,4681,10772,7066,15540,19124,4158,118577
E14001528,Stretford and Urmston,53859,715,2673,3238,9351,5123,8867,15846,2098,101770
E14001529,Stroud,48343,1976,4710,4575,8564,3643,7751,14031,2428,96021
E14001530,Suffolk Coastal,52544,1750,1990,3290,8200,6036,6022,11131,2278,93241
E14001531,Sunderland Central,56607,1109,3643,3019,8503,2951,5396,14435,1751,97414
E14001532,Surrey Heath,48615,873,2708,3879,8286,6617,9416,15308,2427,98129
E14001533,Sussex Weald,48211,1240,2237,5203,7542,3058,8980,11959,2437,90867
E14001534,Sutton and Cheam,52059,576,1473,5376,8463,6302,11166,16722,2488,104625
E14001535,Sutton Coldfield,51498,677,3625,3853,7308,3701,8548,15450,2023,96683
E14001536,Swindon North,52740,1535,5706,4778,11114,6249,9372,12942,1958,106394
E14001537,Swindon South,55485,1194,6051,4278,12840,7747,10427,12978,2021,113021
E14001538,Tamworth,52048,907,5574,4612,11882,5513,6571,11306,1959,100372
E14001539,Tatton,51786,1209,3318,3327,8372,4673,11268,11695,2219,97867
E14001540,Taunton and Wellington,55890,1689,3454,4754,9990,3156,7140,19734,2097,107904
E14001541,Telford,56382,1014,7347,3918,9700,4383,6264,14035,1760,104803
E14001542,Tewkesbury,49288,1226,4561,4017,8807,3836,7924,15053,1902,96614
E14001543,The Wrekin,57295,1813,6013,4026,9223,4096,6812,17226,1838,108342
E14001544,Thirsk and Malton,51220,3488,4363,4024,9837,2554,6088,12793,2423,96790
E14001545,Thornbury and Yate,49698,1515,3830,4825,9073,4444,8541,14336,1901,98163
E14001546,Thurrock,61019,841,2749,7174,14019,8449,9891,14648,2018,120808
E14001547,Tipton and Wednesbury,67455,915,6246,4666,10977,4241,5037,12972,1486,113995
E14001548,Tiverton and Minehead,49967,2922,3172,4140,8918,2361,5807,11914,2059,91260
E14001549,Tonbridge,51204,871,2191,4702,7831,4080,11439,12499,2400,97217
E14001550,Tooting,44943,563,1438,2966,8667,7472,20456,17036,3746,107287
E14001551,Torbay,59429,737,2603,4612,11280,2702,5406,15520,2111,104400
E14001552,Torridge and Tavistock,53566,3387,3328,4508,9016,2216,5187,12301,1939,95448
E14001553,Tottenham,70645,366,1835,5674,13485,7094,14511,18305,4363,136278
E14001554,Truro and Falmouth,52041,1373,2477,3848,9844,2473,6118,14456,2256,94886
E14001555,Tunbridge Wells,53659,935,2029,4201,9165,4565,13935,14435,2501,105425
E14001556,Twickenham,53629,748,2012,2819,7166,8079,14330,14867,3682,107332
E14001557,Tynemouth,52040,924,2715,2926,7429,3749,6282,17329,1858,95252
E14001558,Uxbridge and South Ruislip,61737,689,2684,5885,9734,8623,9697,16844,2439,118332
E14001559,Vauxhall and Camberwell Green,46434,443,1141,2481,9046,6665,16417,16678,4026,103331
E14001560,Wakefield and Rothwell,56210,817,4181,4356,11559,4590,7481,14977,1858,106029
E14001561,Wallasey,54397,724,3286,3202,8210,3146,6225,15355,1888,96433
E14001562,Walsall and Bloxwich,72338,650,4712,3616,11115,4854,5384,13258,1388,117315
E14001563,Walthamstow,59553,431,1902,5952,11241,7618,13447,17889,4384,122417
E14001564,Warrington North,50518,1491,3454,3979,10394,5386,7241,12345,1837,96645
E14001565,Warrington South,50564,1884,3574,3985,10340,5801,8906,14600,2014,101668
E14001566,Warwick and Leamington,52374,1754,6520,3017,9384,5769,9041,15308,2296,105463
E14001567,Washington and Gateshead South,53656,916,5440,3241,8783,3367,5258,12435,1465,94561
E14001568,Watford,53240,629,2497,5303,11553,7407,10628,16465,2529,110251
E14001569,Waveney Valley,47994,2847,3700,4373,7545,3038,6557,10194,1944,88192
E14001570,Weald of Kent,50005,1962,2389,5363,7378,3424,8746,11527,2045,92839
E14001571,Wellingborough and Rushden,56868,798,5752,5283,14593,6331,7344,13536,1955,112460
E14001572,Wells and Mendip Hills,46924,2089,3297,4095,8324,3189,7018,11669,1999,88604
E14001573,Welwyn Hatfield,58497,886,3252,4818,12732,6193,9959,14936,2477,113750
E14001574,West Bromwich,63545,797,5469,4119,10254,5088,6037,13968,1611,110888
E14001575,West Dorset,53425,2274,2805,3679,8213,2013,5810,13241,2131,93591
E14001576,West Ham and Beckton,69440,476,1628,7758,14260,7779,16004,16994,2887,137226
E14001577,West Lancashire,55046,1248,3956,3884,9793,3480,6359,14748,1923,100437
E14001578,West Suffolk,58654,1742,5689,5702,10941,4359,8741,17831,4489,118148
E14001579,West Worcestershire,53938,1947,4037,3879,8125,3015,7642,13526,2112,98221
E14001580,Westmorland and Lonsdale,46219,3044,2798,4253,12983,2341,5947,10940,2398,90923
E14001581,Weston-super-Mare,50754,1146,3560,4212,10741,4064,6360,14271,1806,96914
E14001582,Wetherby and Easingwold,48624,2098,3028,3575,7746,3099,8758,12366,2234,91528
E14001583,Whitehaven and Workington,50581,8619,2539,4808,7293,1758,4675,11297,1465,93035
E14001584,Widnes and Halewood,49463,1126,4024,3797,9277,4156,5866,12960,1715,92384
E14001585,Wigan,56184,944,4691,5195,10007,4177,5962,15771,1957,104888
E14001586,Wimbledon,52074,627,1681,3370,8538,7085,17999,15414,3608,110396
E14001587,Winchester,55795,1206,2424,3460,7739,4835,9667,17265,2374,104765
E14001588,Windsor,58362,984,3042,3631,8927,9220,10254,13684,2767,110871
E14001589,Wirral West,49798,677,2605,2691,6116,2618,6927,14762,1686,87880
E14001590,Witham,52758,1194,3365,6168,9224,4268,9795,13367,2248,102387
E14001591,Witney,46251,1329,3974,4530,8723,4315,8355,17175,2607,97259
E14001592,Woking,51201,852,2972,3799,8624,7313,12177,14031,2974,103943
E14001593,Wokingham,48910,1247,3140,3324,7493,8951,10146,12685,2330,98226
E14001594,Wolverhampton North East,60257,753,5388,4218,9280,4031,4902,14277,1423,104529
E14001595,Wolverhampton South East,70932,865,6204,4388,12028,4902,5352,13692,1383,119746
E14001596,Wolverhampton West,64051,742,5093,3583,9748,4762,6676,16248,1751,112654
E14001597,Worcester,52243,984,5033,3676,10601,4286,7601,17246,2205,103875
E14001598,Worsley and Eccles,55172,1151,3383,4641,10832,5081,8883,15345,2142,106630
E14001599,Worthing West,54212,1099,2858,3861,8646,3688,7724,15206,2436,99730
E14001600,Wycombe,53515,873,3842,4391,10503,7139,9482,14156,2387,106288
E14001601,Wyre Forest,55818,1098,5351,4309,10011,3563,6436,13033,1986,101605
E14001602,Wythenshawe and Sale East,61497,706,2666,3343,9843,6106,9261,16316,1843,111581
E14001603,Yeovil,55463,1426,7524,4339,10781,2780,5940,14468,2156,104877
E14001604,York Central,57302,561,2387,3208,12353,4108,8101,18479,2771,109270
E14001605,York Outer,49321,808,2612,3699,8495,3944,7100,15478,2097,93554
W07000081,Aberafan Maesteg,54573,821,5176,3574,7426,2303,4117,13231,1354,92575
W07000082,Alyn and Deeside,52234,1275,8403,3890,10417,3591,6876,13554,1830,102070
W07000083,Bangor Aberconwy,52067,2138,1662,3432,9364,2063,4563,15059,1916,92264
W07000084,Blaenau Gwent and Rhymney,54590,1126,6461,3852,7309,2190,3765,13802,1304,94399
W07000085,"Brecon, Radnor and Cwm Tawe",50658,3704,2816,4181,7401,2197,4697,14508,1892,92054
W07000086,Bridgend,52181,907,3992,3609,8205,3243,5485,15785,1648,95055
W07000087,Caerfyrddin,52399,3498,2728,4026,7875,2258,4049,15233,1782,93848
W07000088,Caerphilly,53298,1267,4990,4027,7562,2701,5916,15079,1533,96373
W07000089,Cardiff East,61854,1037,2195,2817,9636,3649,7840,16824,2156,108008
W07000090,Cardiff North,49831,812,2041,2784,6347,3118,7497,19506,1955,93891
W07000091,Cardiff South and Penarth,60027,653,1910,2273,9079,4275,8994,16710,2534,106455
W07000092,Cardiff West,56089,773,2083,2951,7976,4084,8130,18021,2397,102504
W07000093,Ceredigion Preseli,53860,3897,1895,3703,8558,2114,4224,13472,2098,93821
W07000094,Clwyd East,53185,1797,4663,3963,8163,2474,5527,14543,1801,96116
W07000095,Clwyd North,59352,993,2546,3506,9048,2396,4455,15848,1834,99978
W07000096,Dwyfor Meirionnydd,51871,3124,2488,4302,9139,2198,4419,14705,2235,94481
W07000097,Gower,53761,968,2623,3365,7766,2548,5629,17842,1762,96264
W07000098,Llanelli,53547,1234,3632,3448,8270,2288,3840,16248,1541,94048
W07000099,Merthyr Tydfil and Aberdare,57118,1221,4531,4709,7979,2796,4369,15567,1361,99651
W07000100,Mid and South Pembrokeshire,58091,2801,2615,4360,10311,2097,4499,14130,2109,101013
W07000101,Monmouthshire,50127,1895,3375,3520,8332,3163,6835,13857,1853,92957
W07000102,Montgomeryshire and Glyndwr,52275,3954,5406,4473,8843,2745,4880,13329,1887,97792
W07000103,Neath and Swansea East,56620,923,3679,3825,8223,2847,5387,16519,1504,99527
W07000104,Newport East,60774,990,4313,3358,11869,4378,7190,15448,1767,110087
W07000105,Newport West and Islwyn,54759,1211,5296,3499,8289,3252,6922,16645,1718,101591
W07000106,Pontypridd,55961,1086,3953,4738,8267,3200,5762,16682,1788,101437
W07000107,Rhondda and Ogmore,57764,898,4903,5245,7714,2591,4142,15251,1558,100066
W07000108,Swansea West,63670,479,2208,2763,9786,2932,5238,16002,1465,104543
W07000109,Torfaen,51621,872,4710,3811,7809,2593,5099,14273,1486,92274
W07000110,Vale of Glamorgan,51699,1073,2372,3366,7844,3191,6878,16016,1951,94390
W07000111,Wrexham,53511,1378,7370,3502,8519,2756,5528,14758,1757,99079
W07000112,Ynys MÃ´n,39676,1819,1766,2805,6147,1782,2834,10836,1210,68875
